headline,label
Is Russia's Invasion of Ukraine Stalling?,-1
"Conversation of a captured Russian soldier with his mother. Can someone translate, please ?",1
"Vitali and Wladimir Klitschko, the sons of a Soviet major general, are both former heavyweight champions. Now they‚Äôre in a fight unlike any they ever imagined. The prize for this one isn‚Äôt a championship belt but the survival of their country.",1
Terrible footage from Kharkiv of what appears to be an MLRS rocket strike in the center of the city.,-1
üí™World's Strongest Man titled powerlifter Vasyl Virastiuk joins to defence Ukraine.,1
Is anyone able to translate?,0
Russian soldier text with his mother before death,-1
Hope It can be helpful,1
‚ÄòWe had peace until you came‚Äô Berdyansk today,1
Debate about Ukraine in the EU! SLAVA UKRAINI!,0
1-2 hours in line just to buy food.,0
‚ö°Ô∏èPeople in the temporarily captured Kupyansk sing the anthem.,0
Vladimir Putin's black belt revoked by international taekwondo organization today. On Sunday the International Judo Federation suspended Putin's status as the federation's honorary president.,0
Looks like all of the windows were knocked down after the strike.,1
When you see a russian tank in Ukraine,0
"Info for Ukrainian refugees: the German railway company allows you to go until Nuremberg, Dresden, Berlin and Munich for free. You only need your ID. You can also bring pets and children. FAQ and more on the link.",1
Mastercard has blocked multiple financial institutions as a result of sanctions imposed on Russia over its invasion of Ukraine. The company has also promised $2 million in humanitarian relief to Ukraine.,1
Putin's Waterloo,0
Ukrainian President Zelenskyy addresses the European Parliament,0
Ukraine pleads with Congress for more aid and weapons,-1
"German parliament gives standing ovation to Russian protesters - please share with Russians, they deserve to know the world sees their bravery",1
Russia‚Äôs losses as of Mar. 1st,-1
Today's Kharkiv explosion aftermath - Please help Ukraine however you can! Even if it is just online. Thank you!,1
"One of the best analyses I've heard on Russia's invasion disaster. By four-star General Petreus of the US, who has led invasions of countries before.",0
"Ukraine security company promised to pay $1000 to anyone who destroys a Russian tank, $500 ‚Äì any other enemy vehicle. Happy hunting.",0
Russian Artillery kills 70 Ukraine soldiers.,-1
"Yesterday‚Äôs Mariupol, Putin it‚Äôs a Hitler of 21st century!!!",0
Russian oligarch Alexander Abramov fled to Abu Dhabi (UAE),0
Urban war expert‚Äôs advice on how Ukrainian civilians can defend themselves against Russian forces,-1
What is the status of that huge convoy headed to Kyiv?,1
"M√¶rsk is done considering: Will stop almost all shipments to Russia. Foods, medicine, and humanitarian aid still allowed. Sorry for source in Danish.",-1
RT is now unavailable in Romania,0
"–°—É–º—Å–∫–∞—è –æ–±–ª., –µ—â—ë –ø–∞—Ä–∞ —Ç—Ä–æ—Ñ–µ–µ–≤",0
Open the stock exchange ruskies!,0
‚ö°Ô∏èThe next round of negotiations between #Russia and #Ukraine may take place as early as March 2nd.,0
The russia subreddit has been quarantined!!!,0
Reports that Russia is pulling its Diplomats from Canada,0
How Ukrainians welcome Russian troops into their homeland,1
Map of Russian Advance as of Monday February 28,0
Let‚Äôs work it out ~ (credit to Hong Kong cartoonist Ah To),0
"Delivering the news to people today is absolutely heartbreaking, As a 40 yr old guy who lost a daughter in a horrific accident whats going on in Ukraine breaks my heart. To all the families who have and are losing loved ones , I'm so sorry.",-1
Nigeria ready to impose sanctions on Russia for invading Ukraine: FG,0
Created an app letting you watch multiple News and CCTV sources at once,1
"Based on recent reports, Russia is preparing a big bombing campaign from Baranavichy airfield (Belarus). They have 20 SU35 bombers fueld and armed. Expect bombing tonight or tomorrow.",0
"Street in Prague, Czechia will be renamed from Korunovaƒçn√≠ (where is Russian embassy) to Ukrajinsk√Ωch hrdin≈Ø (Heroes of Ukraine) and bridge between Prague 6 and 7 to most Vitalije Skakuna (Vitali Skakun's bridge)",0
Russian troops in Borodyanka,0
The enemy continues to surrender. Another batch of captured Russian sold...,-1
Where are the Russian oligarchs? This Twitter feeds follows their private jets,0
Russian airstrike hits Kharkiv government headquarters in eastern Ukraine,0
Air raid sirens go off in Vinnytsia. Residents should head to the nearest shelter.,0
Russian Attack Helicopter Getting Shot Down,-1
"president Zelenskiy, speech in UN, with En Subs, 1 march 2022",0
1st March update,0
The Bulgarian government decided to transfer all its fighter jets to Ukraine,0
People in Japan donate $17 mil. to relief fund for Ukraine,1
Get the truth to the Russian people to destroy Putin from within!,-1
Thousands Of Russian Soldiers Invading Kherson Now,0
17 mile long Russian convoy north of Kyiv. Can somebody with military knowledge explain why this hasn't been blown up yet?,0
Power. Belarusian Railway network cyber-attacked.,0
The European Parliament has approved Ukraine's application to join the European Union. A special admission procedure has been launched. Voting will take place at 16:30,1
"Dearest refugees in Poland, on Saturday morning I‚Äòm planning to arrive on the polish/Ukrainian Border. I will hand out Food, hygiene products and I hope to get some blankets. Which Border should I choose to arrive ? Thanks in advance.",1
Netherlands and Germany need to send Putin's kids back to Moscow.,0
Russia‚Äôs losses as of Feb. 28,-1
"End of president Zelinsky's address to european's parliament (edit for typing mistake, sorry)",-1
Ukrainians barehandedly stopped Russian convoy and started singing the national anthem. From @no_itsmyturn on Twitter,-1
My favorite historical channel just started a series on Ukrainian history to contextualize the conflict. And they have a Ukrainian on their team.,0
Russians Continue to Surrender Locations Unknown,0
Talking with my Russian neighbor in Germany,0
"Russian oligarch Alisher Usmanov, just fled to Tashkent (Uzbekistan)",0
Result of negotiations,0
Russia destroyed school in Kharkiv,-1
"15:22 (Minsk time) A convoy of Russian equipment is moving along the M5 highway (near Maryina Horka_Pukhavichy district, Minsk region) towards Gomel (Belarus)",0
How to detect Russian artillery beacons infrared with your phone camera.,0
"According to #Ukrainian media reports, the video allegedly shows the #Russian army dropping a vacuum bomb. This type of weaponry is prohibited by the #Geneva Convention.",-1
Finland is finally sending weapons to Ukraine. Pretty big as we have been neutral for a long time. Slava Ukraina!,0
Dublin Airport Ukrainians Answering the Call,0
War crimes showing a Russian attack on civillians fatally wounding a mans father and the proceeding attempted cover up of everyone involved (the cameraman in the first video including all but 1 of the dogs) found by civillians.,-1
Ukrainians and their beloved ones üòø STOP THE WAR!!! üá∫üá¶‚ù§Ô∏èüíôüíõ,-1
Belarus is joining the fight?,-1
The sub is devolving and we need to stay on mission.,0
Twitter account tracking Russian Oligarch jets....they're on the run!,0
"Argentine Journalist reported that her guide in Kyiv asked her to take her daughter to safety, in tears she explains how nobody expected this to happen",1
Ukrainian pilots arrive in Poland to pick up donated fighter jets,0
'They Need To Stop Him': Clinton Calls On Putin Aides To 'Act For The Good Of Russia',0
"Slava Ukraini , with love from Swedish bank SEB",1
Retired grandmother showing off her Molotov Cocktails.,0
Kharkiv. Missile that was fired by Russian invaders at the main square this morning,-1
Air raid sirens a few minutes ago,0
President Zelenskyy has signed application for the membership of Ukraine in the European Union. This is a historic moment.,0
"Mayor: Look how peaceful Bucha (40 km from Kyiv) looks like after Russia's invasion. Thank God, we're all alive and well. We'll rebuild everything! Ukraine's army defeated Russians!",1
"Helo downed by manpad, there was much rejoicing",1
More attacks.,-1
"Front page of The Times, March 1 2022: 'Barbaric' strikes on Ukraine",-1
Website opened for Ukrainian refugees interested in going to Latvia,1
Cyberpolice has called on 30 international VPN services to stop cooperating with Russian Federation,-1
"Canadian MP on Twitter: ""As Putin increases his aggression, Canada is stepping up its support for Ukraine. Today we announced more lethal aid, including: at least 100 Carl-Gustaf anti-tank weapons systems and 2000 rockets.""",-1
Texan fights with the russians to overthrow the russians...,-1
"Evidence OMON special forces. known for using kidnapping and torture in Chechnya, at Bucha",-1
"Japan's lower house on Tuesday adopted a resolution condemning Russia's invasion of Ukraine in ""the strongest possible terms,"" The Russian invasion goes against international law and the United Nations Charter prohibiting the use of force.",1
Western Military Observers Shocked at How Badly Russia's Military Is Doing,-1
Russian convoy STOPPED by singing Ukraine civilians,-1
Ukrainian soldiers fire from MANPADS at Russian helicopters flying to Gostomel city. Footage from the first few days of the war.,-1
These are the main Hungarian sites that spread Russian propaganda,-1
"Second Largest Shipping Company, Maersk, is suspending all container shipping to Russia",0
Ukrainians in Kupiansk going out on the protest against occupants with no fear of flying bullets and tanks. Russians will never understand it.,-1
Russian forces have struck Independence Square in central Kharkiv with a powerful explosion. The blast detonated right in front of the headquarters of the Kharkiv Oblast government.,1
[Needs help and Confirmation] Issue of Unable to Donation from Shanghai to Ukraine because of a bank worker violating the bank,-1
"Freedom square, Kharkiv",1
"The Ukrainian Embassy in Korea pointed out that Ukrainian place names are still written in Russian pronunciation in Korea, and requested that all Ukrainian place names be written in Ukrainian pronunciation.",0
I remember when I saw Putin bragging about his modernized army,0
Ukraine to auction war bonds to fund armed forces,-1
More news.,0
"more pics about the American volunteers from Forward Observation group. i made an error: it's not just ex navy seals, they're comprised of ex spec ops, some French, British, American, MARSOC, green berets, rangers, seals, etc",-1
Video reportedly from Bucha showing a Ukrainian soldier targeting a Russian BMP-2 with an RPG-7.,0
Baranavichy airfield is the 2657th base of fuel and lubricants of the Belarusian Armed Forces. No wonder why Russia is using it to launch their SU35 bombers.,-1
Portugal has created an expedited Visa program for any Ukranian wishing to seek refuge,1
Ukraine has lost a great man.,1
Is Russia's equipment really this bad?,-1
Ukraine War Heavy Urban Combat In Mariupol As Ukrainian Forces Defend The City Against Attacks,-1
Aftermath of the strike in Kharkiv.,0
Taiwan shows massive balls by sending Ukraine 27 tons of medical supplies.,0
Russian losses as of March 1st,-1
for the refugees coming to Viennna - i have place for 1 family - no rent and a nice house with garden - pm me im srs.,0
"Breaking news (happened just now): Kharkiv bombing of civilians - the world needs to see what Putin is doing to ethnic Russians, he claims he wants to protect!!",1
"Seen at a demonstration in San Francisco, California",0
Belarus joins Russia‚Äôs war on Ukraine,-1
Two Russian helicopters will no longer take to the air.,-1
European Parliament says Ukraine should be made official candidate for EU membership,0
"Get your screwdrivers ready, Sweden is sending you supplies!! üòÉ",1
"Morale Remains High In Kyiv Despite Concerns About Food Supply, Basic Need",0
"Fleeing Ukraine, women and children find warm welcome in Poland",1
Some Russians don't want to fight,1
üáßüá∑ Bolsonaro's gov't offers humanitarian passports to Ukrainian refugees,0
The value of the Ruble is now less than that of the Afghani.,1
"The ball is in your court, EU. Make it happen ASAP!",0
Russians are shelling residential buildings in Kherson,0
FREE immigration ADVICE for Ukrainians with family in the UK,1
Odesa now. No panic in shops,-1
"Finland will send Ukraine 2,500 assault rifles, 150,000 rounds of ammunition for assault rifles, 1,500 single-load anti-tank guns and 70,000 sets of combat rations.",-1
"Waiting for this to happen to Putin (Death of Stalin, Beria‚Äôs trial)",0
Prime Minister Sanna Marin announced that Finland would provide Ukraine with lethal aid. Finnish lawmakers to discuss potential NATO membership.,0
Russia now threatening countries who supply weapons to Ukraine,-1
Petition the UK Government to seize ALL Russian oligarch properties and turn them into FREE housing for Ukrainian Refugees,1
I fear for the next strike,-1
WOW!,1
"Poland is with you, Slava Ukraini!",0
Sirens again in kiev at 9:46,0
Anyone seen War for Peace (2020)? it's a documentary i accidentally found through a google search that was made by a director that was a volunteer paramedic in Ukraine when attacked by Russia.,-1
"The Statue of Liberty in Colmar, France has been decorated with the Ukraine flag.",1
A reminder,0
8 countries supported Ukraine's immediate accession to the EU,1
I‚Äôm praying. 17 miles of Russians coming,1
Disgusting.,-1
Shocking footage from the Mariupol emergency department. Blood on Putin‚Äôs hands,-1
How is it possible Russia commits so many war crimes without being punishable for it?,-1
I don't want to be too optimistic but I can't see anyway that Russia is coming as a winner out of this,1
Deter and slow down Russian equipment movements with simple tactics - buy as much time as you can,0
How to operate an abandoned Russian tank,-1
The occupiers surrender en masse. Nobody wants to die for the palaces of Putin and Kadyrov.,-1
Why Ukraine's delegation looks so bad ass compared to Russians?,1
"Kharkiv defenders: x3""GLORY TO UKRANIAN ARMY"", x3 ""FUCK YOU, RUSSIANS"", x3""DEATH TO THE ENEMIES""",-1
Assessed Control of Terrain - Feb 28,0
Polish soldier with Ukrainian child,0
Russia are using Thermobaric Bombs,0
"Davyd Arakhamia, a faction leader for Zelenskyy's party who took part in today's negotiations w/ Belarus is also a Dj under the stage name DJ David Braun. Total Chad.",1
Indian people being stranded/beaten in Ukraine on Polish border is a FAKE: proof,-1
"In Energodar, local residents hold off columns of Russian invaders by themselves.",0
The ICC says it will open an investigation into alleged war crimes in Ukraine,-1
AIR RAID SIRENS IN KYIV! Residents should head to the nearest shelter!,0
"Three members of Russia's parliament have criticized Russian President Vladimir Putin's invasion of Ukraine. The three members ‚Äî Vyacheslav Markhaev, Oleg Smolin, and Mikhail Matveyev ‚Äî are all members of the country's Communist Party. ""I voted for peace, not for war,"" , they said. RESPECT TO THEM!",1
Belarus will not join invasion - Lukashenko,-1
Putin is a war criminal and should be treated as such,-1
"Russian citizen burning her passport in Tbilisi, supporting Ukraine!",1
"Carl Bildt, the European Union special envoy for the former Yugoslavia in the 1990s, said that Serbia‚Äôs official stand on the Russian invasion of Ukraine disqualified it from the EU accession process.",0
"If you don‚Äôt want your tanks stolen, don‚Äôt invade Ukraine",-1
Ukraine gets shields and howitzers as Europe opens military stocks,0
Burn them all!,0
Russian propaganda subreddit officially quarantined by Reddit for misinformation.....now ban them for good please.,0
"Nearly 4,000 Ukrainian immigration applicants approved to come to Canada: minister - Canada News",1
"Just a reminder, even just changing something on your social media to something like the Ukrainian flag with the current situation is better than doing nothing.",1
Air raid sirens in Rivne. Residents should head to the nearest shelter.,0
"'Get me out of here, mom!' Confessions of Putin's invaders. My voice over.",0
The commander of the Georgian legion wich is a foreign voulenteer group made an official anouncment. He has been fighting since he was 14.,-1
Powerful statement,1
Near Kiev two Russia helicopters were shot down. The emotions of the Ukrainians are priceless.,0
"Don‚Äôt post on Snapchat snap map, there are post on the map showing people hiding underground and your literally giving away your positions, anyone can go on Snapchat look at the map and see where these groups are,",0
And this is how they fight looters in Ukraine - they are tied to pillars for public display.,-1
"[!] Poland gives 29 MIG-29 fighters to Ukraine for free. It's happening NOW, backed by EU&USA. Ukrainian pilots are already in Poland to receive them.",1
Updates from President Zelenskiy. [With English subtitles],0
Some City Defense Strategies,0
"From this morning: Some of the lucky Russian soldiers - I genuinely think the answer to the conflict is 1000s of Russians surrendering. Once Putin has no army, he is doomed.",-1
Ukrainian Librarians,0
The Ghost with the Most! They might only be in our hearts but they need more logos!,-1
Russian protests,-1
Be aware!,0
"Airbnb's CEO wrote that the service would provide free housing for 100,000 refugees from Ukraine.",1
"‚ö°Ô∏èUrsula von der Leyen: ""This is a clash between the rule of law and the rule of the gun, between democracies and autocracies, between a rules-based order and naked aggression. How we respond today to what Russia is doing will determine the future of the international system.""",-1
"Free train rides for refugees from Poland to Germany via DB (Deutsche Bahn, the German railway) üá∫üá¶",1
European parliament live.,0
Russian officers (FSB?) walking door to door in Melitopol with lists of names and addresses,0
Why Nobody asks about UFC-Star Khabib Nurmagomedov and Kadyrov/Putin relations? Nobody care UFC is still hosting him? So anyone have a opinion to this matter?,1
"Americans, Canadians answer Ukraine call for foreign fighters",0
so many people want to help Ukraine that there‚Äôs a traffic jam going INTO the country. People are biking in.,1
"An Ukrainian girl demonstrates how to drive abandoned or captured Russian military vehicles. Fight for freedom, Stand with Ukrainian.",0
Russian soldiers surrendering to Ukraine will receive 5 million rubles worth of crypto,1
Brazil will issue Humanitarian Visas to Ukrainians,0
It's better to die with a rifle in your hand then to not have a home...Russians...Go F*ck Yourself!,1
Russian mom begs son not to go to Ukraine,0
"Russian convoy heading to Kyiv. some sources indicate that it has an extension of 28 km, others indicate that it reaches 64 km. Do you know any accurate information about it? strength my ukrainian brothers. Greetings from Argentina!",1
One source of Russian miss-information gone,0
"Daria Kaleniuk of ACREC very passionate question to Boris Johnson in Warsaw - Poland, and his answer, 01.03.2022 12:03pm local time",1
Ukraine‚Äôs flag is literally the Jewish colors üá∫üá¶. Their president is literally direct descendant of Holocaust survivors. Their land is the ancestral homeland of Ashkenazi Jews. And somehow they‚Äôre all Nazis,0
News from a native russian about current situation in Russia / –ù–æ–≤–∏–Ω–∏ –∑ —Ä—ñ–¥–Ω–æ—ó —Ä–æ—Å—ñ–π—Å—å–∫–æ—ó –º–æ–≤–∏ –ø—Ä–æ –ø–æ—Ç–æ—á–Ω—É —Å–∏—Ç—É–∞—Ü—ñ—é –≤ –†–æ—Å—ñ—ó,0
"As promised by Elon Musk, Starlink terminals have arrived in Ukraine. High-speed internet now available, without the potential of Russia taking down communications.",1
Ukraine: missile hits central Kharkiv building as Russian attacks continue,-1
Are you part of a scientifical or medical professional network in Linkedin? Here how you can help!,1
The European Parliament today.,0
"Turkish female student that lives in Kharkiv: If Turkey isn‚Äôt going to evacuate us, I will fight along with the Ukrainians. As Turkish women do. Won‚Äôt wait to die in a house. Will die by fighting maybe not for my country but for the country I live",-1
"Meet Leon Dawson, a British national who has no links to Ukraine and no military experience, but is prepared to join the fighting and put his life on the line.",0
Russians are taking civilian phones. Please report that immediatly to operators.,1
Have Ukrainians considered crowdfunding a bounty on Putin? Ordinary Russians would be scrabbling to get him.,0
Please stop posting Memes and Shitposts. There is a war right now and some people use this subreddit as a source of information,-1
"The Russians lost their subreddit because of misinformation and now they will try to flood this subreddit with Kremlin lies. Some advice, report it and dismiss it.",-1
"ChineseÔºàCCPÔºâ police threaten to intimidate Ukrainian citizens in China not to publish unfavorable news to Russia|–ö–∏—Ç–∞–π—Å—å–∫–∞ –ø–æ–ª—ñ—Ü—ñ—è (–ö–ü–ö) –ø–æ–≥—Ä–æ–∂—É—î –∑–∞–ª—è–∫–∞—Ç–∏ –≥—Ä–æ–º–∞–¥—è–Ω –£–∫—Ä–∞—ó–Ω–∏ –≤ –ö–∏—Ç–∞—ó, —â–æ–± –Ω–µ –ø—É–±–ª—ñ–∫—É–≤–∞—Ç–∏ –Ω–µ—Å–ø—Ä–∏—è—Ç–ª–∏–≤—ñ –Ω–æ–≤–∏–Ω–∏ –¥–ª—è –†–æ—Å—ñ—ó",-1
"Now that we have seen inside of many captured Russian vehicles in Ukraine it is obvious that Russia does win the tank and armored vehicles numbers game , but they are crap ! Very bare bones and primitive .",-1
WHY is there a Russian Il-76 currently flying over Poland when Poland BANNED its airspace to Russian aircrafts?,-1
"Kharkiv, the city centre.",0
Zelensky on his presidency 3 years ago.,0
IDEA,0
An interesting article about how Russian trolls operate,1
‚ÄòWe are going to defend ourselves‚Äô: Ukrainians join war front,-1
Missile hits Kharkov,0
Video of an abandoned but apparently operational Russian T-72B obr 1989 tank. It seems the crew just left.,-1
Canada to provide anti-tank weapons to Ukraine,-1
"Digital billboard in Kyiv: ‚ÄúRussia soldier, stop! Putin has lost. The whole world is with Ukraine. Leave without blood on your hands.‚Äù",-1
"The Ukrainians are shouting ""go home"" at Russian soldiers who have taken the city of Berdyansk, Ukraine.",0
"Fake reports about Signal being hacked. Please keep using Signal to communicate safely (or at least don't get tricked into using higher risk alternatives). Link in comments. I just want to help spreading info. If this isn't the right place, tell me. üá≥üá±ü§ùüá∫üá¶",1
Please stop excusing for your governments decisions.,0
Is PayPal immune from sanctions against Russia?,1
Those not Ukrainian should try their absolute hardest to not post here just for likes or to farm karma and only post if its showing true support or news or factual information that can assist Ukraine in a military way or can help the people! Stay strong world.,1
Georgianüá¨üá™ volunteers leaving the country to join Ukrainianüá∫üá¶ defense forces,1
Navalny: Putin is not Russia. We declare an action of civil disobedience,0
Need someone to pick up cats in Palanca,0
The Russia subreddit rn üëèüëèüëè,0
Trolling jumping up dramatically. Don't click on fake ass links. Trolls out on full force on this and several other sub reddits. Please down vote and report these obvious trolls,0
Hostomel northwest of Kyev. Russian troops,0
"Bayraktars üá∫üá¶üáπüá∑ These ""Grad""s would not shell anyone anymore",0
Petition to Extend Death Gratuity to US Citizens killed in Ukraine Conflict,-1
"Gerhard Schr√∂der still supporting Putin, so all his chancellery staff resigns. There are still too many Schr√∂ders and not enough Zelenskyys in politics and economy leadership. I hope this will change. And I hope Gerhard Schr√∂der will face the consequences for being such a disgrace to Germany.",1
A must-see. documentary on the bravery and resilience of the Ukrainian people.,1
Captured Russian solider calling her mom for help,1
Spain announces legal status for all ucranians living in Spain. They will be able to work legally and access social benefits [Spanish],1
Ukranian man trolling lost soldier on known Russian comms frequency,-1
"Honest question, what happens if Ukraine is approved to join the EU?",1
Vladimir Putin is a war criminal and red scum,-1
"""NATO is afraid of World War III, but it has already started."" - Ukrainian Journalist in response to Boris Johnson.",-1
NYC properties of Russian Oligarchs is released.,0
Danish shipping giant Maersk and Swiss shipping giant MSC stop container shipping to and from Russia,-1
Monaco clamps down on Russian assets after Ukraine invasion,0
An armed citizen in Kiev carrying a pet cat and fish he rescued Saturday from a building damaged by Russian bombing.,0
You know you did something really terrible when Switzerland mad at you,-1
Oops! The Tsar will not like that. He doesn't even believe himself üòÇ,-1
NHL terminates business relations with Russia,0
request for pictures of the destruction - Post them to YANDEX MAPS,-1
English classes for refugees in Barcelona,0
"This is how Russia sets up racism. Europe is accepting all refugees from Ukraine, do not believe Russia's lies.",0
AIR RAID ALERT IN KYIV!,1
Ukraine is fighting for the side of truth.,0
"According to satellite images, a Russian military convoy of several tens of kilometers is approaching Kiev.",0
"CBRN defense (chemical, biological, radiological and nuclear) telematic assistance",0
"How unfortunate for Belarus, the bridge is gone",-1
"Kupyansk, Kharkiv Oblast. Russian troops fire warning shots to force people to stop blocking the streets.",-1
"Everything you need to know if you intend to flee the war to Romania. We're waiting for you at the border, if you need to get out. Be safe.",-1
The EU says fighter jets (MIG 29) will be arriving in Ukraine,0
Kherson is Under Heavy Assault,-1
"US Senator John McCain was right: Russia is just a gas station, run by a mafia, masquerading as a country.",0
Germany to produce 100% green energy by 2035 instead of 2050 thanks to Putin,1
"Huge explosion, air-to-surface missile perhaps?",1
In the village of Podlipnoe the Russian military left their equipment and walked to the border. The locals thanked them for the right decision!,1
Lithuanian job portals have added an option for companies to indicate jobs which are ready to hire incoming Ukrainian refugees.,1
"üá∑üá∫üá∫üá¶‚ùóÔ∏è‚ùóÔ∏èRussian Defense Ministry calls on residents of Kyiv, living near the building of technology facility of SBU which will be hit, to leave their homes.",0
Russia (Vladimir Putin): Instagram removed Vladmimir Putin from its platform due to the ongoing invasion on Ukraine.,0
The app Signal the gold standard of message encryption HAS NOT BEEN COMPROMISED OR HACKED,-1
"Belarusian troops entered Chernihiv region. The information was confirmed to the Public by Vitaliy Kyrylov, spokesman for the North Territorial Defense Forces.",0
The way he said üî•,0
Russian satellites - hacked,-1
"Russian soldier‚Äôs wallet | ""They are sending children to fight us!""",-1
"The mayor of Kup‚Äôyans‚Äôk surrendered the town to Russian forces, and the inhabitants have now come out in protest singing the Ukrainian anthem",-1
"Ukraine‚Äôs Parliament says Belarusian troops entered Chernihiv region north of Kyiv, citing information from Vitaliy Kyrylov, spokesman for the Northern Territorial Defense Forces.„ÄòThis is contrary to what was reported earlier„Äô",0
üá¶üáø Azerbaijanis üá¶üáø are rushing to donation centers to send their help to Ukraine.,1
DO NOT sign the stopwarcrimes.org petition. Its creators have connections with Kremlin.,0
Dog pissing on a Russian rocket,-1
"Anonymous has stalled trains in Belarus. This will hold back logistical support and tanks. Links for CALLING, FAXING, and EMAILING Belarus Rail networks to overwhelm them even further inside.",0
"EU will share space intelligence data about Russia, with Ukraine",1
"‚ö°Ô∏èRussian shelling of a military unit in Okhtyrka killed at least 70 Ukrainian soldiers, the head of Sumy Regional State Administration Dmytro Zhyvytskyi said.",-1
'We'll Be on the Right Side of History': Lapid Says Israel Will Back UN Vote Condemning Russia,0
Crimean Tatar Commander Isa Akayev has joined the fight against Russia,-1
Dear Russian people‚Ä¶,1
"Russian mercenary. He fought in Syria for $ 60 a day. Now he has come to Ukraine to kill for 57,000 rubles a month. Camera guy: ""Tell me who is Putin?"" Mercenary: ""Huilo!""",-1
"An Apartment Block in the city of Kharkiv was apparently leveled by Russian Artillery late last night, Emergency Crews have not yet started going through the rubble but Civilian Casualties are expected.",-1
Fears of medical shortages and disease in Ukraine after Russian invasion,-1
Being from Russia does not automatically mean you support Russia.,1
14:57 (Minsk time) Russian military equipment with a ‚ÄúV‚Äù mark is moving towards Mazyr (Belarus),0
"Vlad, it's for you again !",0
Ukranians destroying Russian panzer(1/2),-1
"Turkish President Recep Tayyip #Erdogan said that #Turkey will use the authority given to it by the 1936 Montreux Convention to prevent the #Russia-#Ukraine conflict from further escalating. He praised Ukraine's government and people, branding the #Russian attack unacceptable.",-1
I regret nothing SLAVA UKRAINI !,-1
US expels 12 Russian diplomats for 'espionage activities',-1
"Whatever your Emotion, you don't want your Family here. [oc]",0
"Ukrainians, even the librarians are kinda badass.",0
MODs! Restrict this sub before Russia unleashes a media blitzkrieg of propaganda!,-1
"The inside of the car of my post about the civilians and dogs getting killed by russians, It was a father and son with two dogs.",-1
Walt disney will stop showing films in Russia,-1
The best thing we can do as outsiders is to inform the Russian people. Standing with them against tyranny is the best way to help Ukrainian people in their fight.,1
"Turkey-made drones helping fight against Russia: Ukrainian envoy: 'Baykar-developed Bayraktar TB2s have been very efficient in Ukraine‚Äôs battle against invading Russian forces, Bodnar said Sunday.'",0
"Kharkov, Ukraine. The Russian military fired massively at the civilian population from Grad. ""Dozens of dead and hundreds of wounded. This horror must be seen by the whole world""",-1
"GUYS, IMPORTANT! If you are writing reviews on Russian businesses:",1
"Video of 6 year old baby girl, Polina senselessly murdered by Russian soldiers. Russians, please call for a mutiny. Assassinate your so called leader promptly.",-1
I can‚Äôt wait for someone to give Ukraine a clear sky and fir someone to put boots on the grounds we‚Äôll deal with the consequences later it‚Äôs just not right to watch this happen,1
The sun is putting on a show over Kyiv this morningüá∫üá¶,0
"Brave man in China protesting against war in Ukraine asking ""which law did I break"" when stopped by police",-1
Another Russian Il-76 troop transport aircraft is current flying from Moscow to Belarus. Kremlin is using a Il-76 owned by a Russian company called: Volga-Dnepr Airlines,0
"Analysis | The bizarre, literal isolation of Vladimir Putin",-1
Announcement of what is coming,0
Relatives in Kharkiv. No electricity. Any way to contact them?,-1
Reportedly video of strikes in Kharkiv tonight.,-1
Shell joins BP and Equinor in planning exit from Russian joint ventures,0
"–£–∫—Ä–∞—ó–Ω—Å—å–∫–∏–π —Å–ø–µ—Ü–Ω–∞–∑—ñ–≤–µ—Ü—å –ø—Ä–æ ""—Å—Ç—Ä–∞—à–Ω–∏—Ö"" —á–µ—á–µ–Ω—Ü—ñ–≤-–∫–∞–¥–∏—Ä–æ–≤—Ü—ñ–≤",0
Photos of one or two abandoned Russian T-90A tank(s).,-1
Updates from President Zelenskiy [With English subtitles],0
Russia is supplying their soldiers with foods that are expired in 2015,0
"Frustrated Putin may order escalation of violence in Ukraine, U.S. officials say",-1
Who Are The Russian Oligarchs Living In The UK?,0
"Ukrainian soldier Sergiy Petroshenko, 21. Guarding a footbridge in Kyiv & is terrified for his family after Russian forces surrounded his home village.",-1
This one fought in Syria before.,-1
Image from a Indian newspaper,0
"Finland sends 2,500 assault rifles, 150 000 rounds of ammunition, 1,500 anti-tank weapons and 70,000 food packs to Ukraine",-1
Help! Trying to find a village approx. 20 miles from Lviv. Really want to check if family is OK and have lost contact since this visit in the 90's.,1
U.S. Prods Exchanges to Thwart Crypto Use by Sanctioned Russians,0
Revolut is voiding all fees for bank transfers to Ukraine. One of their founders is Ukrainian!,0
Results of the shelling on the city of Kharkiv by the Russian army. There are corpses of civilians in the yards.,0
A general reminder that Russian Civilians have nothing to do with this war Do not demonise or dehumanise Russian people only because of a dictator We fight against autocracy not people,-1
Breaking: Hungary supports Ukraine's accession to the EU. –ë—Ä–µ–π–∫—ñ–Ω–≥: –£–≥–æ—Ä—â–∏–Ω–∞ –ø—ñ–¥—Ç—Ä–∏–º—É—î –≤—Å—Ç—É–ø –£–∫—Ä–∞—ó–Ω–∏ –¥–æ –Ñ–°.,1
Crimean Tatar Commander Isa Akayev has joined the fight against Russia and urges fellow Muslim fighters to stop attacking Ukraine.,-1
This is the podcast Russians with Attitude. A pro-Russian invasion propaganda podcast. Patreon currently allows them to pull in over $2500/month. Patreon still has not taken down fundraisers going to Russian sources that fuel propaganda.,-1
"Zelensky: Addressing European Parliament - With us, the EU will become stronger. Ukraine will be alone without you. We will prove our strength. Prove that you are with us, prove that you are Europeans. Then the life will win the death, and the light will win the darkness. Slava Ukraine!",1
Missile strikes Kharkiv regional administration building in Ukraine,-1
Russian embassy in Denmark upset about politician‚Äôs suggestion to rename their street ‚ÄúUkraine Street‚Äù,-1
Panicked Russian Oligarchs Fear Their Yachts Are Next Victim of Putin‚Äôs War,-1
IMPORTANT for everyone writing Google maps reviews - Russians use Yandex maps!!! We need to switch!,1
Charity for Ukraine: a very famous German pastry called ‚ÄúBerliner‚Äù is now rebranded in ‚ÄúUkrainer‚Äù. 1 Euro per piece will be directly credited to Caritas in favor of Ukraine.,1
EU accepts Ukraine into its electricity network,1
More Russian oligarchs speak out against Putin‚Äôs war on Ukraine,-1
"–•–µ—Ä—Å–æ–Ω, –ö–∞–º—ã—à–∞–Ω—ã, 01/03/22, 40 —á–µ–ª–æ–≤–µ–∫ –≤—ã–¥–≤–∏–≥–∞—é—Ç—Å—è –≤ —Å—Ç–æ—Ä–æ–Ω—É –≥–æ—Ä–æ–¥–∞. –ò–¥—É—Ç –ø–æ–ª—è–º–∏",0
"Starlink not only in Ukraine, but up and running!",0
Drones for Ukraine,0
‚ö°Ô∏è‚ö°Ô∏è‚ö°Ô∏èZelensky signed an application for Ukraine's membership in the European Union.,0
Two Ukrainian Mayors Accused of Treason,-1
Ukrainian football manager Yuriy Vernydub who pulled off one of the greatest upsets in the sport's history when his team beat Real Madrid 2-1 in the Champions League earlier this season has resigned from FC Sheriff Tiraspol and returned to Ukraine to join the army.,1
Ukraine needs air defence from NATO,0
"Air raid alerts in Volyn, Ternopil, and Rivne Oblasts. Seek Shelter immediately!",0
"–ë–æ—Ä–æ–¥—è–Ω–∫–∞, –ö–∏–µ–≤—Å–∫–∞—è –æ–±–ª., —Ä–∞–∑–±–∏—Ç—ã–µ –∏ –±—Ä–æ—à–µ–Ω–Ω—ã–µ –∞–≤—Ç–æ–º–∞—à–∏–Ω—ã –≤—Å—Ä—Ñ",0
Russian troops patrolling Berdyansk with Tigr-M vehicles possibly from February 27th.,0
Here's how many millions in cryptocurrency has been donated to Ukraine,0
"Moldovan in Italy wearing a hat with the Russian flag threatened with an axe by a Romanian: ""He's supporting Putin!""",-1
"Phone of killed russian soldier. ""It's just putin"", huh?",-1
Principles of Movement during contact.,0
"Let's GO! Ukrainian pilots arrive in Poland to pick up donated fighter jets (Finally, from a reputable source)",1
So long General Magomed Tushayev,0
Although Russia is Pushing It Has Given The Rest of the Country Time to Dig In,0
Hackers cracked a database tracking Russian convoys/aircraft. XTrace (Russian Firm) data dump by hackers for Ukraine (AgainstTheWest),-1
Geolocation of the Russian Column,0
"–ë–æ—Ä–æ–¥—è–Ω–∫–∞, –ö–∏–µ–≤—Å–∫–∞—è –æ–±–ª., –µ—â—ë —Ä–∞–∑–±–∏—Ç–∞—è —Ç–µ—Ö–Ω–∏–∫–∞ –≤—Å—Ä—Ñ",0
Is North Korea supporting Ukraine? (This was on Ukraine government website ),1
Dutch railway offers free travel for refugees (Same as German and French railway),1
Walk out from the EU and its partners during the statement from Lavrov,0
Kuleba: United States assures Ukraine of more support,1
"russian invaders: ""People, leave the streets!"" Ukrainians: ""These are our streets! This is our city!‚Äù Kupyansk. Kharkiv region.",-1
The propaganda machine persists: RU says it must attack Ukraine bc the latter still has ‚ÄúSoviet nuclear technology‚Äù,-1
Russians are now utilizing vacuum bombs capable of vaporizing human bodies,1
Ukraine crisis: Russia's ultra-rich count cost of $83 bn wealth wipeout,-1
"Daily map: Due to popular demand, I slowed down the Wikipedia map. For feedback, please comment",1
NS Tweet,0
"Support for Ukrainians from all over the world üá∫üá¶ At a rally in Denmark, people knelt to pay tribute to the fallen defenders of Ukraine.",0
President Zelenskyy signed a decree on a temporary visa-free regime for foreigners wishing to join the International Defense Legion for Ukraine's struggle against Russian imperialism,1
LEGO and the Ole Kirk's Fond donates DKK 110 million(USD 16.5 million) to the Ukranian cause.,1
Hi. Need some help with debunking Putin's propoganda.,1
New imaging seems to show a 65km long convoy heading into Ukraine,0
"Last year Gundars Kalve took his tractor, stole a cannon from a Soviet monument and threw it into a river. This morning he became one of the first Latvians volunteers to join Ukrainian forces",1
ATTENTION DOs and DONTs,0
Croatia is sending military equipment and weapons. I hope Ukrainian brothers get alot of VHS-2 bullpup as they are reliable and can be configured to shoot right or left handed.,-1
Hacker group called Anonymous created website to shutdown Russian media https://vug.pl/takeRussiaDown.html,1
An enemy agent who served in the military counterintelligence stationed in Kropyvnytskyi was detained,-1
Paramedics tried to save this 6 year old girl who was killed in a shelling. She didn't survive.,-1
Russian infantry vehicle asking people to stay calm and then this happens.,1
This is how Romanians are waiting for Ukrainian refugees near the border crossing. Remember that you are not alone üá∫üá¶ üá∑üá¥,0
"Top neuroscience lab in Montreal, Canada at McGill University is welcoming a student/postdoc/technician affected by the invasion (1 year full paid min)",1
Japanese Kid throwing Putin to the ground,0
"–ì–æ—Å—Ç–æ–º–µ–ª—å, –ö–∏–µ–≤—Å–∫–∞—è –æ–±–ª., —Ö–∑ –∫–æ–≥–¥–∞, –≥–æ—Ä–∏—Ç —Ç–µ—Ö–Ω–∏–∫–∞, —É–±–∏—Ç—ã–π –¥–µ—Å–∞–Ω—Ç–Ω–∏–∫",0
"A Brazilian news report that I've received from a friend. The text reads: look at my 3 years old son. Think about this, how can they kill 3 years old kids.",-1
S.Korea sending 10 million USD humanitarian aid to Ukraine.,0
Russian Army Feeding Their Soldiers Expired MRE's,0
It is time people around the world start to sing this (Putin is a dick head),-1
Ukrainian President Zelenskyy Hailed As Hero For Democracy,1
"Defenders of Ukraine, here is basics on checkpoint operation.",0
Sounds about right,0
Diplomats walk out as Russian Foreign Minister addresses UN,0
Russian use of thermobaric bomb in Ukraine (Full Video),-1
My Google reviews are getting views.,0
Ukrainian Cossacks write a letter to Putin. A photo from years ago repeating the famous painting of Il'ja Efimoviƒç Repin has become again viral on internet.,0
"More reports of mutiny, if true this one is suspected to be massive.",1
Pet relocation assistance?,0
DDoS attack on liveumap,-1
Use Google reviews to communicate directly with the Russian people,0
Ukraine recalls ambassador to Georgia over ‚Äòimmoral position‚Äô of Georgian Government and for blocking fighters from going to Ukraine,-1
You guys didn't believe me but NOW Visa/Mastercard kill switch activated in Russia. Russians can't use VIsa/Mastercard credit cards now...,-1
A reminder of what a happily married First Lady looks like,1
International court to investigate possible war crimes in Ukraine,-1
Signal Private Messenger is the target of a coordinated misinformation campaign in Ukraine.,-1
Two days ago it was reported that 600 Russian Scientist signed an open letter against the war in Ukraine. Two days later that number is now 5362 Russian Scientists.,-1
FM Szijj√°rt√≥: Hungary Supports Ukraine‚Äôs EU Accession,1
"American TRAITOR found. Get this to the proper authorities, perferably a drone or sniper.",0
Australia sending missiles worth millions to the Ukraine conflict zone,0
It is beginning to show :),1
Maersk suspends all container shipping to Russia,0
"Zelensky: we call on all countries of the world to respond to the criminal tactics of the aggressor and declare that #Russia is carrying out state terrorism, we demand full accountability for terrorists in international courts. #Ukraine üá∫üá¶",-1
More hits...,0
"Urkraine-Russia war: BP quits Russia, takes $34b hit, after Ukraine invasion",-1
That farmer is building quite a collection! Farming simulator getting out of hand.,1
"#Anonymous takes down more than 1,500 websites of the Russian and Belarusian go vernments, state media outlets, banks and companies over the past 72 hours. #UkraineWillWin #StopPutinNOW #StandWithUkraine",0
"People protesting for Ukraine in Wenceslas Square, Prague, Czech Republic",-1
The procedure for reviewing Ukraine's application for EU membership has started.,0
"A true survivor. (Translation: My name is Irina. I‚Äôm 98 years old. I survived the Holodomor (Great Famine caused by Stalin), Hitler and the Nazis. I will survive Putin and his locusts. Slava Ukraini)",1
Leadership,0
President has signed Ukraine's EU application!!!,0
!hype This is how Ukrainian TV started this morning.,0
Zelensky officially declares russia a terrorist state.,-1
"The leader of the Donetsk separatists, Pushilin, set the task of capturing Mariupol today. 11:01 AM ¬∑ Mar 1, 2022¬∑",0
"Updated radio frequencies used by the Russian Forces | –û–Ω–æ–≤–ª–µ–Ω—ñ —Ä–∞–¥—ñ–æ—á–∞—Å—Ç–æ—Ç–∏, —è–∫—ñ –≤–∏–∫–æ—Ä–∏—Å—Ç–æ–≤—É—é—Ç—å—Å—è —Ä–æ—Å—ñ–π—Å—å–∫–∏–º–∏ –≤—ñ–π—Å—å–∫–∞–º–∏",0
Zelensky accuses Russia of dropping a vacuum bomb also known as a thermobaric bomb on kharkiv.,-1
"Ukrainian ambassador to the UN pretty much tells Putin to kill himself: ""If he wants to kill himself, he doesn't need to use nuclear arsenal. He has to do what the guy in Berlin did in bunker in May 1945""",-1
Air raids!,0
Ukraine locals trolling Russians on their own comms,0
Join Ukraine on the Information Warfare Battlefield! Get the truth out to the Russian people... how you can help,1
It's Tuesday,0
"Alex ""Saint"". Ukrainian by origin. Former US Army soldier for many years. He is home. Odessa.",0
Footage from Times and Sky News of the atrocities in Ukraine. Even the translator can‚Äôt keep it together during Volodymyr Zelenskyy‚Äôs speech.,0
–ú–∏ –∑ –≤–∞–º–∏! –£–∫—Ä–∞—ó–Ω–∞ 2022/–•–æ—Ä–≤–∞—Ç—ñ—è 1991,0
Dog bringing comfort to a Ukrainian soldier. They really are mans best friend.,1
"Im about to write reviews on restaurants in moscow, to information people of whats going on in Ukraine, any inputs?",0
Dutch government is talking about starting investigation into possible russian funding of politicians as well as increasing military budget.,1
Every Country's Position on Ukraine vs Russia (5 Days After War),0
Ukraine's UN ambassador reads texts from Russian soldier to mother before he was killed,-1
Turkish made Bayraktar tb-2s used by Ukraine destroying Russian equipment,-1
"Friends, please share this photo in your social networks! We must strike at the enemy‚Äôs economy!",1
Russia's 17-mile convoy is thwarted on the road to Kyiv,0
"Videos/sounds of explosions, tanks firing, and troops moving",-1
My 6 year old daughter wanted to show her support.,1
Markings used by Russians and their allies,0
"Slovak president along with presidents of estonia, czechia, latvia, bulgaria, slovenia and poland request european union to start process of admiting Ukraine into EU",0
Why is Russia not using their best tanks and planes when invading Ukraine?,-1
KYIV AIR RAID SIREN ACTIVE - 8:55AM LOCAL TIME,1
Humanitarian Aid from Turkish Red Crescent Has Reached Romanian-Ukrainian Border(Title corrected),0
This is a photo of men who have travelled from Ireland to fight for Ukraine‚Äôs freedom. üá∫üá¶üíõüíô,1
18 tonnes of protective gear and help from Norway has arrived in Poland. Weapons and ammo will be delivered next.,0
20 Su-35S aircrafts of the Russian Armed Forces sitting at Baranavichy airfield (Belarus),0
Combat Manuals Thread,-1
Von der Leyen life in EU parlament,0
Flights to Poland Almost Sold Out,0
In case you aren't doing it already. Park every car you have on the roads into your cities. Make your roads useless to invasion forces.,-1
Olygarchs should have their assets permanently frozen!,1
Ukraine's application for EU membership officially registered in Brussels,0
Just in case,0
Belarus Invades Ukraine : Belarusian troops entered the Chernihiv region,0
Reports are that some Russian soldiers are taking Ukrainian phones because command took theirs or they don't work. Follow this advice to turn it against them.,0
"Peru Government (South America): Peru condemns massive military offensive against Ukraine. ""As Foreign Minister and jurist I cannot remain impassive in the face of the use of weapons and their consequences for the lives of millions of people,""",-1
Russian State Media Hacked to Show Casualty Numbers for Russian Soldiers in Ukraine War,-1
Russia's Isolation Intensifies As Ukraine Fighting Rages,-1
A Hero We Didn't Know We Needed,1
The aftermath of the presumed MLRS strike in central Kharkiv.,0
"Updates from President Zelenskiy: ""The rocket to the central square of Kharkiv is an outright, undisguised terror. After that, Russia is a terrorist state. No one will forgive. Nobody will forget."" (Not subbed yet)",-1
üá∑üá∫‚ö°üá∫üá¶ 2S7M Malka Self-propelled Howitzer With Nuclear Fire Capability Is In Belgorod,-1
Maidan 8 years ago,0
Ukrainian Defence finds that the food rations being given to conscript Russian forces expired 7 years ago.,0
Bill Browder discusses how to stop Putin,-1
Occupiers surrender en masse. They don't want to die for the palaces of Putin and Kadyrov.,1
Russia supply their army with MRE that expired in 2015,0
"Shipping giant Maersk shuts down freight to, from and within Russia",0
Putin threatened nuclear war because there is no point of a world without Russia,-1
Pizda blya!,0
Odessa residents making sandbags.,0
Canada to provide Ukraine with anti-tank weapons,-1
"Shout out to Lyudmila Pavlichenko, the greatest female sniper in history (with 309 confirmed kills) who was born and raised near Kyiv, Ukraine and finished her degree in Kyiv after the war. If alive today, I'm sure she would be ashamed of Putin and fighting him alongside her countrymen",0
TIME magazine cover,0
"This is Kropyntskyi, children are orphans and many of them are sick. This post was sent to me from a friend in Ukraine. and this shows how the war has affected them.",-1
Hungary will not allow lethal weapons for Ukraine to transit its territory - FM. We won‚Äôt forget this shameful decision by Hungary.,-1
"Appeal of Isa Akaev, commander of the volunteer battalion ""Crimea"", to the Muslims of Russia.",0
A friend of mine made this in Kharkiv next to his car that has been hit by this crap. Can provide more details confidentially.,0
"""An Attack on One is an Attack on All."" Canada makes it's position known.",-1
EU application is registered. Process has been started!,0
#Russian appointed mayor of the #KUPYANSK can be seen fleeing while protesters attack his car. This show why russia can't hold ukraine.,-1
"Russian soldiers: YOU have to live like this, just so HE can live like that",1
Please spread the word,1
Taiwan is sending medical aids to Ukraine,0
Sberbank: One of Russia's largest banks sees another 14.5% loss on LSE,-1
TIL China and Ukraine have a nuclear umbrella treaty. A nuclear attack on Ukraine will be considered an attack on China and they will be legally required to fight back.,-1
Government information on current Russian losses.,-1
Ukraine to sell 'war bonds' to fund armed forces,-1
Navalny's supporters call for civil disobedience against Ukraine war,-1
Ukrainian Sailor Tries To Sink Russian Boss's $7.7 Million Yacht,0
"Russian POW about their orders. To summarise: ""They told us that Zelenskiy already negotiated the surrender. We need only to get to Kiyv, to stay there for some time and then go back""",0
‚Äúthey have no clue what‚Äôs going on‚Äù,-1
Anybody know why this Russian plane is in Polish airspace?,0
"Russia Today YouTube Channel now officially blocked in Europe, not available anymore in Austria",-1
Petition: For Ukraine to be officially recognized as a candidate state to the European Union,0
"Many, many news outlets praising Zelenskyy and the Ukranian Resistance <3",1
"IMAGES THAT SHOW THE HORRORS OF PUTIN'S WAR! FUCKING CHILDREN ARE SUFFERING! FUCK YOU PUTIN! CHILDREN WHO ARE TOO YOUNG TO UNDERSTAND THE REASONS, HISTORY OF THE CONFLICT ARE SUFFERING BECAUSE OF YOU & YOUR EGO! NO GOOD HAS COME OUT OF THIS WAR! GET THIS TO THE TOP! EVERYBODY SAY : FUCK YOU PUTIN!!",-1
"A recent vote shows that over 50% of Chinese support Russia‚Äôs invasion, while 32% Chinese thinks it‚Äôs none of their business. Only 15% Chinese are ‚Äòagainst Russia‚Äôs invasion to a sovereign state. The vote is held by Wangyi, which is one of the most influential medias in China.",1
News anchor for China's state-run agency wears colors of Ukrainian flag,0
Lukashenko: Putin promised me rank of colonel,1
"Ukraine is offering 47,000 USD + Asylum in another country for any Russian solider who voluntarily surrenders",0
Kharkiv. My street is being bombarded by cluster munitions. Russia is a terrorist state,-1
"Good, but as I read the frequently announced ""additional sanctions,"" I can't help but think...hold up, you're just now doing that?",-1
Does anyone know if this is true? Donated fighter jets might be allowed to take off from polish air base to defend Ukraine,1
üá∫üá¶üá™üá∫ The European Parliament stands up and applauds the President of Ukraine ( Slava Ukraine ),1
Video confirmed. https://www.reddit.com/r/ukraine/comments/t40lsd/russian_forces_are_entering_kherson_from_several/,0
You can't extend the table forever Putin!,-1
Ukrainians barehandedly stopped Russian convoy and started singing the national anthem.,-1
"Ukrainian parliament member: Talks with Russia resulted in ""heavier air strikes"" in Kyiv",-1
Two railroad workers without weapons seized a Russian armoured personnel carrier.,1
"An article from 2017 (and before,) russian citizens surveyed and said they feared war and hyper inflation more than anything else. Putin gave not only the world its worst nightmare, but also his own citizens. WhAt a gReaT LeAdeR!",1
This guy gives inspiration beyond the French Revolution,1
UPDATE: JOINING THE UKRAINIAN ARMY AS A FOREIGNER (CALL TO ARMS) source @ukrainian_alfa,0
A squad of Russian mercenaries captured at the Kyiv airport,0
"In just 72 hours, Europe overhauled its entire post-Cold War relationship with Russia",-1
First result that comes up while searching for a particular subreddit on Reddit,0
"If it wasn't for Microsoft, I doubt Ukraine would be getting all the support it has now and we wouldn't be able to track their progress.",1
"Russian news outlet accidentally reveals reasons behind war, falsely claiming victory",-1
This is a repost from U/playfulYetBored which in turn is a repost from tumblr. I thought reposting this and drawing attention to making the Russians say that word might be important for people to know to help find Russian spies. I wish you all the best in the upcoming future. Glory to Ukraine. üá¨üáßüá∫üá¶,1
Any updates on that large convey heading to Kyiv?,0
Even Key-Drop (CS-GO gambling site) does its part,0
"Ukrainians should shout and play on loudspeakers that the Rouble is collapsing, many conscripts don't have cell phones, and might not realize that their pay is diminished in value",1
Live updates: Taiwan sends medical supplies to help Ukraine,1
FIFA kicks Russia out of the World Cup,0
Ballistic missiles of Belarus strike at Vasilkov's buildings (Kyiv region),0
Nice one reddit,1
"Just before on CNN: ""Report says Putin's behavior has been very concerning and unpredictable over the last days. He is very angered by Western sanctions and the course of the war."" Well, guys, we can expect literally anything the next days.",-1
This is how you can enter in Romania,0
"If a Ukrainian family can make it to the UK and needs a place to crash for the summer, we'll have a spare room come April 1st. DM me.",-1
Wargaming donates 1 million to Ukrainian redcross,0
"Ukrainian Air Force destroys enemy planes, equipment, rockets",-1
Russia can still do business through Serbia! What should the world do?,0
#Ukraine #Russia #UkraineKrieg Another explosion on the streets of Kherson. People leave the city in a hurry #UkraineRussia #UkraineRussiaConflict #UkraineRussiaWar https://t.co/6qEYeLSG0V,0
A Hungarian's most sincere apologies for the actions of the government,1
"–ö–∏–µ–≤—Å–∫–∞—è –æ–±–ª., —É–Ω–∏—á—Ç–æ–∂–µ–Ω–Ω—ã–π –º–æ—Å—Ç –Ω–∞ –ë—É—á—É",0
"Rip col oleksander ""grey wolf"" oksanchenko",0
Anonymus should hack into mobile carrier.,0
Ukrainian biker exercising not giving a shit about these Russian Tanks,1
"Ukrainian pilots have arrived in Poland to take delivery of used fighter jets from EU countries, a major new step:",0
"Reporter asks Iranian man why he wants to go fight in Ukraine: ""Because I HATE Putin""",-1
"Romania fully supports the integration of Ukraine, as well as of the Republic of Moldova and Georgia, with the European Union. The place of these partners of the EU is within the European family, and Romania will do its best for this to become reality. „ÄòRomanian President Iohannis„Äô",1
"Zelensky appoints General Mykola Zhernov, to defend Kyiv as Russians close in",0
So true,1
"Ukraine's Ambassador to the UN GA 'Did anyone here vote Russia into the UN? In 1991, 1992? Please Raise your hand if you did.'",1
ATTENTION!,0
"If Putin wants to kill himself, he doesn't need to use a nuclear arsenal. Ambassador of Ukraine U.N.",-1
Another anti humanistic crime of Putin and his terroristic army 18+,-1
Not all #Russian Arir Force helicopters are being shot-down by Stinger MANPADS in #Ukraine. Watch #UkrainianArmy soldiers launching Igla surface-to-air missiles at a roup of #Russian helicopters flying low over #Dniper river in the north of #Kiev. Fuck you russian helicopter.,-1
Video released by President Zelenskiy at around mid-night Ukraine time. [With English Subtitles],0
We are grateful for your support! üá∫üá¶,1
"Russian ship in Cabo, Help",1
Russian Convoy nearing Kyiv,0
"In Chernihiv, the Russian Forces have targeted the city's largest hypermarket and it is on fire. Russian forces claim they only target military infrastructure and now are targeting civilian buildings",-1
"This morning in Kharkov, Russian war crimes.",-1
"Russia sends 400 Assassins to kill top government officials, including Zelensky, Prime-Minister of Ukraine, Vitaly Klitschko and other high ranking members of Ukrainian government.",-1
"Found out what the name Volodymyr means and it fits Zelenskyy so well, that I think his parents were psychic.",1
"Article: Why is Putin so unpopular in Ukraine? ""Holodomor"" Terror Famine of 1932-1933",-1
More Russian Billionaires Speak Out Against Putin‚Äôs War On Ukraine,-1
Changing embassy street names,0
Canadian Foreign Affairs Minister M√©lanie Joly is headed to the Poland-Ukraine border to oversee Aid Shipments. (2nd story),0
"Three Finnish men deliver over 50 000 euros worth of supplies (bulletproof vests, first aid kits etc.) straight to Ukraine. Translated article in comments.",1
Russian military convoy was destroyed at Zhitomir highway,-1
We‚Äôre making phone charging stations for UA refugees.,0
"Russians continue to supply ukranian villagers with military vehicles. Such generous people, farming season is starting soon, we'll make use of them. Translation: ""we are fucking moving, have fucking stolen an APC blyat""",0
"Norway to send weapons to Ukraine, in change of policy. 'The decision overturns a Norwegian policy in place since the 1950s of not sending arms to non-NATO countries that are at war or at risk of armed conflict.'",-1
Aftermath of strike in central square kharkov,0
"Captured RF, Wagner group, formerly in Syria sent to Ukraine.",0
Ukrainian Hell March,-1
Russia's largest source of propaganda has been taken offline. Ria.ru,-1
"15:16 (Minsk time) An aircraft took off from Lida (Grodno region, Belarus) towards southeast.",0
Ukraine requests EU membership under fast-track procedure,0
Russian Rocket Lands In Ground Near Children's Playground,0
"Any update on Russian casualties? Everytime I see the numbers, even if they aren't 100 percent accurate, I just get a bit of hope that it may be too much for the Russians to take.",1
Murdoch press is pushing ‚Äòracial‚Äô propaganda,-1
"Never forget Ukrainian hero Vitaly Skakun who sacrificed his life to blow up the henichesky bridge for his nation as Russian soldiers were advancing. Skakun radioed his unit and told them he would do it manually, saying goodbye. üá∫üá¶üíôüíõ",-1
"Canada is sending Lethal Aid, closes $$$ connections with Russia and shuts off Russian oil imports.",0
Teen who tracked Elon Musk's plane launches Russian Oligarch Jets account,0
"Browder on Putin: When You Believe Your Time is Almost Up, You Start a War",-1
"Ukraine‚Äôs former first lady, Maryna Poroshenko, serving food to Ukrainian volunteers.",0
"Ukrainian TB2 destroys 96 tanks, 20 Grad MLRS, and 8 fuel trucks near village of Kulichka, Sumy region",-1
Please everyone consider your netflix account,1
"If we want to win this war, we need to get the truth to Russians. Join r/MessagesforRussians",1
AIR RAID IN BILA TSERKVA! Residents should go to the nearest shelter!,0
fleeing to hungary,0
From France with love...,0
"The National Bank of Ukraine has now enabled donations for supporting the army with Credit Cards and GPay! Bank transfers wouldn't work for many, so this helps a lot!",1
Even the Taliban...,0
"Russia and Belarus won't play in Finland at hockey worlds The Russian team will not be allowed to compete in Finland, after Russia invaded Ukraine.",-1
Remember the signs the Russian Army puts on their vehicles. (Ukrainians correct my translation if I'm wrong),0
Here you go United Nations war crimes. Absolutely clear and direct violation. Thats a Russian missle killing innocent civilians with no military target to be seen.,-1
A blockade of Kyiv would be unconscionable - hope to God this is prevented at all costs,1
Captured Russian special-police officer confesses. My English voice over.,0
Estonian boys buying chocolate to send to Ukraine,0
Russia is loosing on all fronts... let me explain,0
The current list of EU rail companies offer displaced Ukrainians free travel,1
Norway is sending 2000x M72 LAW light anti-armor weapons to Ukraine ASAP,-1
RU ruble now literally worth less than UK toilet paper. It's cheeper to wipe your ass with rubles.,-1
US expelling 12 Russian diplomats from UN mission,-1
Civilians shot.,0
Aftermath in Kharkiv,0
Do the first and last statements together make any sense?,0
"97-year-old from Volyn, Ukraine. The sign says ""I survived Hitler and the Germans. I was at the reconstruction of Donbas. I will survive Putin and his locusts. Glory to Ukraine.‚Äù üá∫üá¶üíõüíô",1
"Russia to pay 90 Euro (100 USD) to families of soldiers killed in Ukraine. Guess life is cheap, eh?",-1
Belarus deploys additional battalion groups in southern Belarus.,0
"Kherson, str. Dimitrova",0
"One Chinese claimed on the forum that anyone who reported donations to Ukraine would be rewarded with 55,000 yuan",1
"Visa, Mastercard block Russian financial institutions after sanctions",-1
System of a down never expected a president like this,-1
"To all Ukrainian refugees, trains in Germany and the Netherlands are free to use with an Ukrainian id or passport.",1
‚ÄúShoigu: Russia will continue until it gets what it wants‚Äù The peace negotiations are a fucking joke,1
2 Russian helicopters shot down! This is like David against Goliath. Listen to his happiness in his voice. I cannot wait to celebrate the end of the war!,-1
Slava Ukraini!,0
"Statement from the Synod of the Ukrainian Orthodox Church-MP, it calls on Patriarch Kirill to speak to Putin against the war, not so subtly calling him out for his subservience to the state. Even his own flock is turning on him for his inability to speak out against the evils of Putin!",-1
feeling proud as a Bangladeshi to see another bangladeshi guy defending Ukraine from Putin! Source: facebook,1
"üá∫üá¶I painted this to support Ukraine and it's people who's bravery has inspired me, it's not alot but i try to do what i can. As a latvian myself, the war is terrifying and us too could be invaded, so i hope that the war will end soon and that no more people will suffer. Slava Ukrainai!!!üá∫üá¶",-1
Latvian President speech to Ukrainian people. Hope to see you soon in the EU! Greetings from Latvia!,1
Belarussian army enters Ukraine,0
Switzerland freezes Russian bank accounts effective immediately,1
"Brave man in China protesting against war in Ukraine asking ""which law did I break"" when stopped by police. üá∫üá¶üíõ",-1
Negotiations started,0
Cluster munitions always take civilian casualties!,0
Drive by Molotov,0
Ukrainian students singing in a basement,0
"80 years apart. Odessa, Ukraine.",0
Belarus Forces Joins Russia in the Invasion,0
The Ministry of Foreign Affairs of Belarus published a photo from the hall where negotiations between Russia and Ukraine are to take place,0
A ‚Äúhistoric decision‚Äù .. Finland departs from its neutrality and decides to supply Ukraine with weapons,-1
"If NATO can't join the fight, could they at least take care of the Russian POWs?",1
this needs more traction,0
"Pro-Ukraine Chechen fighter, Adam Osmaev from the Dudayev Battalion, gives a message to the Ukrainians",0
Detailed map of Russian advances along main transport links,0
Kherson,0
Respect. üá∫üá¶üíõ,1
Greek PM says he supports Ukraine‚Äôs EU membership appeal,1
Ukraines UN statement. Absolute badass.,0
"A Chinese banker claimed on Weibo that she declined all swift transfers from Shanghai to Ukraine. Her post had been reposted by 2,000 people before she deleted it",1
Where Russia's Attack on Ukraine Was Condemned,-1
Youtube to block access to Russian's media outlets RT and Sputnik across Europe,-1
Ukrainian refugees fleeing the war atrocities in their country can now travel Europe by train free of charge! with various railway companies,-1
"Airbnb.org will offer free, short-term housing to up to 100,000 refugees fleeing Ukraine.",1
#EJExplains | What is a vacuum bomb which Ukraine says Russia has used,-1
Irpin before and after Putin invadion,0
The Royal Danish Orchestra supports Ukraine,1
Shoutout to the brave Ukrainian women soldiers currently fending off the Nazi invasion.,1
"Defending Kyiv is the ""key priority,"" says Ukrainian leader",0
Yooo!,0
Hannity calls for Russian Army to turn on 'tiny tyrant' Vladimir Putin...You know you are in the wrong when Fox News is distancing themselves from Russia and Trump,-1
"This guy, Nemico Network, is selling shirts like these to make money off of the conflict in Ukraine, and admitted on discord to not donating any of the money to Ukrainian Military. Just another example of people profiting of the crisis.",-1
/r/ukraine hit 300k subscribers yesterday,0
Thinking of driving to the Poland/Ukraine border on the weekend with a van full of supplies for Ukrainians going back to fight for their country. Any advice appreciated.,0
More Russian war crimes. This time Cluster Munitions.,-1
"Ukraine Translator for Ukrainian President Volodymyr Zelensky's address to the European Parliament becomes audibly emotional. ""Every square of today, no matter what it's called, is going to be called Freedom Square, in every city of our country. Nobody is gonna break us.""",1
This is the amount of money family members of russian soldiers who lose their lives in Ukraine will receive.. the cost of 1 human life in Russia rn,-1
Putin accused of taking muscle-boosting STEROIDS that make users aggressive,-1
"Unarmed civilians facing another Russian convoy, ignoring warning shots.",-1
"According to the Ukrainian authorities, all mobile operators in #Ukraine have banned calls from #Russian SIM cards in the country",-1
My grandmother needs urgent help.,1
Beijing says China and Russia are not allies,0
"Occupiers are actively surrendering, glad they understand what situation they're in.",1
Watch live: Ukrainian President Zelenskyy addresses European Parliament | DW News,0
And video of the signature process of Ukraine's EU application,0
Ukraine has officially signed the EU membership application.,0
Ukraine's UN ambassador reads the text messages between a Russian soldier and her mom,0
Praying for his safe return.,1
are food donations preferred?,0
"I know it's not much however every bit helps, making it the straw that breaks the camels back...",1
Snagged another saboteur. Unlocked phone. Intel goldmine,0
No Skaters belonging to the ISU Members in Russia and Belarus shall be invited or allowed to participate in International ice skating Competitions,-1
"Ukraine claims 5,300 Russian deaths so far! 146 tanks, 29 Jets and over 1,000 armoured fighting vehicles. Putin has severely underestimated the grit, patriotism, and bravery of this man. President Zelenskiy, fight on you hero.",-1
Belarusian troops have crossed the Ukraine border and are now amassing near kyiv,0
"putin, the Hauge is waiting for you. Vilnius, Lithuania.",0
Someone needs to do Ukraine and the world a favour,1
"World‚Äôs largest shipping company, A.P M√∏ller M√¶rsk, is considering suspending all shipments to Russia",0
Appeal from a Danish newspaper to the Russian people,0
"Ukraine‚Äôs Kyiv, Kharkiv bombed for first time since Hitler‚Äôs offensive",-1
Ukrainian Ambassador Reads Texts From Russian Soldier Before He Was Killed,-1
"Chris Murphy, U.S. Senator from Connecticut on Twitter describes how Putin is in a state of WEAKNESS",-1
Archivists Make Sure the Internet Doesn‚Äôt Forget Russia‚Äôs War on Ukraine,-1
"‚ö°Ô∏èZelensky: Russia fired rocket artillery at Kharkiv today. This is clearly a war crime. A peaceful city, peaceful residential areas, no military facilities. Dozens of eyewitness recordings prove that this is not a single false volley, but a deliberate destruction of people.",-1
Allegedly vide of Ukrainians getting their hands on a Russian agent working in Ukrainian Counter Intelligence. Can anyone translate?,1
Russian soldiers shot an old Ukrainian couple who were driving home. I've never been so ashamed of my country's actions in my life.,-1
Hints for Ukraine citizens under direct attack - cooking oil on the floors foils indoor attackers,-1
Situation in Zhitomyr region? I'm driving there to help people escape,1
"People caught a teenagers when they were drawing marks (for Russians, I guess).",0
No fuel for Russians.,-1
"Russian helicopters, go fuck yourselves",-1
"Odessa 1942, 2022",0
"Netflix should bring back the Ukrainian TV series Servant of the People, that starred the CURRENT PRESIDENT OF UKRAINE as a history teacher who became president of Ukraine",0
Aftermath in Kharkiv of the civilian targeted attack,-1
Col. Oleksandr Oksanchenko has sadly been killed in air combat.,-1
Ismail town next to the Romanian border was attacked woth rockets today. Casualties.,-1
Source: The Ministry of Defence of Ukraine,0
"Russian yacht, go fuck yourself.",-1
Ukraine offering amnesty and money to Russian soldiers who will surrender,0
"This is a war crime, Putin!",-1
Phone camera footage recovered from the occupants of the black Mercedes that was shot at. NSFL.,0
Australia is with you,0
"To take Anonymous idea further try sending messages to Russians via video games chat (CS:GO for exanple) any game with big Russian population, and tell them the truth.",1
"A Lone Chinese Man Protests War in Ukraine, and Gets Pulled into a Police Station",-1
BELARUS INVADED UKRAINE,0
"Ukrainian soldiers spot freezing puppy alone outside, and take him into their post. He stands guard for them now. They've named him Rambo. üê∂",-1
"""London Built Putin's Russia."" Russian Oligarchs' Dirty Money",-1
"Ukrainian Officer(s)trained in Texas last year and now wears a Dont mess with Texas patch, when this is over we must make a Patch for Ukraine. Slava Ukraini",1
Can Russian citizens who live in Ukraine flee west?,0
It seems like the negotiations have started,1
"Anonymous has come with a new way to spread the real truth of what's happening in Ukraine, to the Russian population",1
Ukrainian TV Host Masha Efrosinina Offers 5M Rubles Worth of Crypto to Russian Soldiers,1
"Trudeau announces Canada ban on Russian oil imports. ‚ÄúToday, we are announcing a ban on all imports of crude oil from Russia, an industry that has benefited President Putin and his oligarchs greatly,‚Äù",-1
Russia-Ukraine: ICC to launch probe into possible war crimes. International Criminal Court prosecutor says there is ‚Äòreasonable basis‚Äô to believe that crimes occurred in Ukraine.,-1
Ukraine Gets $22 Million in Crypto Donations to Fight Invasion,-1
"Cologne, Germany, right now, demonstrating for peace in Ukraine",1
"Russian forces are entering Kherson from several directions, proceeding undisturbed so far",0
The Albanian representative right now at the UN in beast mode,0
"Ukrainian Ambassador: ""I Invite The Russian Ambassador To Pray For Salvation.""",1
"""Cross over to our side"". Vadim Prokopiev recorded a video call from Kiev to the Belarusian soldiers.",0
Unmarked gulf stream jet left Russia flying over Estonia air space,0
Outside the Russian embassy in London. Saying it in the most British way possible.,0
Turkey warned all countries not to pass warships through the straits. ‚Äî Turkish Foreign Ministry,0
"Do you think all Russian state channels, i.e. RT, Sputnik..., shall be banned in all Western countries?",-1
Hungary refuses to help,1
Russian artillery hitting civilian residential buildings in Kherson. There‚Äôs clearly no valid military target in the area - another Russian war crime.,-1
"Russian troll brigade on local imagebord are coordinating forces to invade reddit and twitter with fakes of brutality against indian or foreign people trying to cross UA border. Downvote all scam posts, be aware of that pressure!",-1
"Outrageous! Russia is only paying 11,000 ruble (104 USD/90 Euro) to the families of dead soldiers",-1
"Today, at least 7 fuel tankers of the Russian Armed Forces with the identification mark ‚ÄúV‚Äù entered Baranavichy airfield (from Hantsevichy). Russian fuel tankers have been seen in Baranavichy earlier.",0
Proud to be bulgarian! ‚úåÔ∏èü§ó https://www.politico.eu/article/bulgaria-pm-fires-defense-minister-stefan-yanev-promote-vladimir-putin-spin/#,1
Mayor announces blockade of Kherson,0
"Ukrainian's taking shelter in a Metro station, and a man protecting his cat :(",-1
"Protesters chanting ""Death to Putin"" in front of the Ukraine embassy [Tehran, Iran]",-1
That destroyed panzer (2/2),-1
3 Members of Russia's Parliament Speak Out Against Invasion of Ukraine,0
EU to urgently link electricity grid with Ukraine's,0
!!!RUSSIAN CONVOY HEADED TO KYIV!!!,0
Russians in every major city and region call for #nowar,0
Update from UK ministry of Defence. –û–Ω–æ–≤–ª–µ–Ω–Ω—è –≤—ñ–¥ –º—ñ–Ω—ñ—Å—Ç–µ—Ä—Å—Ç–≤–∞ –æ–±–æ—Ä–æ–Ω–∏ –í–µ–ª–∏–∫–æ–±—Ä–∏—Ç–∞–Ω—ñ—ó.,0
"The National Hockey League is cutting business contacts with Russia over its invasion of Ukraine. ""The National Hockey League condemns the Russian invasion of Ukraine and calls for a peaceful solution as soon as possible.""",0
More Russian armour and troops closing in on Kyiv,0
India undermining the world's financial sanctions against Russia (source included),-1
Ukraine never ceases to amaze me by how well it has upheld it's national dignity in this trying time.,1
Zelensky and Putin in 2019.,0
What the Geneva convention actually says about Prisoners of War in regards to Photos/Videos (for the Russian trolls),-1
"Belarus leader says Minsk won't join Russian operation in Ukraine, Belta reports",-1
Can Russian frozen assets be converted to a reparations fund for a future free(!) Ukraine?,1
Kherson surrounded from several directions.,0
Share this with as many russians and russian soldier mothers to see what Putin‚Äôs regime is doing to their children. To counter the propaganda that is spread through russian channels.,0
"Many people don't understand the fight and history of Ukrainians to be part of Europe instead of Russia - watch ""Winter On Fire"" on Netflix",0
People of Ukraine do not deserve misinformation and be taken advantage of by other parties with their own political interests in this time.,1
Slava Ukraini! With love from Australia.,1
"Russia hired mercenary group ""Wagnar"" named after Hitlers favorite componser and run by an actual Nazi ( Dimitry Utkin - pictured below) to assassinate the Jewish president of Ukraine.",1
"North Korea blames US ""hegemony policy"" for the Ukraine war. Okay, Fuck these dudes like what they say matters.",-1
Zoo in Kiev fund raiser,0
Bilibili is China‚Äòs largest video site. The pictures below are comments on videos related to the Russian-Ukrainian war. Chinese people support Russia to upgrade its weapons of war and even massacre. Don‚Äôt believe the Chinese government‚Äòs promises,-1
"New calls in the Netherlands to ban the political party FvD, whose leader Thierry Baudet said only a week ago: ""Putin is increasingly showing himself as the leader of conservative Europe. Beautiful guy""",1
Is this confirmed?,0
Ukraine calls for no-fly zone to stop Russian bombardment,-1
Feel the difference,0
"""The US has solid intelligence that Putin is frustrated and expressing unusual bursts of anger at people in his inner circle over the state of the military campaign so far and the worldwide condemnation of his actions,"" according to 2 current US officials.",-1
"Lukashenko a few hours ago: ""Bielorrusia won't join the invasion"" That clown can't even pretend he is lying for more than 5 minutes...",-1
‚ÄúNow that‚Äôs terrifying!‚Äù ‚Äî The Head of the Luhansk Regional State Administration reported that Russian troops fired at the regional orphanage in Severodonetsk.,-1
"Garry Kasparov, the former chess world champion 4 minutes interview about Ukraine, with English subtitles - ""If Putin is still there (in power of Russia) 10-20 years from now I am not sure we will live in a world that we know"". Great interview",1
Ukrainian army shooting tanks.,0
Destroyed civilian home in Melitopol.,-1
The news that we invaded Ukraine is not true. ‚Äî Minister of Defense of Russia,-1
"Zelenskyy: ""The rocket aimed at the central square of Kharkiv is an outright, undisguised terror. After that, Russia is a terrorist state. No one will forgive. No one will forget."" [Eng subtitles]",-1
"How to make a PROPER field tourniquet. Please share, this can save lives today in Ukraine!",1
"Putin's errand boy Sergei Markov is now whining about ""monstrous in cruelty"" sanctions",-1
Berlin and Prague protests,-1
"Ukrainians applying for refugee status after crossing the border of Romania don't need work visa for 9 months and they are helped in all ways to get a job, qualifications, etc.",0
"This is the common nightingale, the national animal of üá∫üá¶ Ukraine üá∫üá¶. My artist friends, I challenge you to make artwork of this beautiful creature beating up bears... thank you for your time.",1
Anonymous troll Putin by renaming Yacht 'FCKPTN' and sending it 'to hell' by hacking maritime data,-1
21-year-old Indian student killed in Kharkiv shelling,-1
Taiwan sending humanitarian relief for Ukraine,1
Free train travel in the Netherlands for Ukrainian refugees,1
The 200 Stinger anti-air MANPADS and 50 Panzerfaust 3 anti-tank weapons with 400 rounds The Netherlands send have arrived in Ukraine and have been handed over to the Armed Forces of Ukraine,-1
"Russian field rations were expired in 2015. The guy in the video says to russian soldiers and their mothers ""look what are they doing, they send you to die on a foreign soil for nothing and they don't even give you normal food""",-1
–•–∞–π –∂–∏–≤–µ –£–∫—Ä–∞—ó–Ω–∞,0
Important info for those sorting by new,1
"‚ö°Ô∏èIn the Sumy region, the invaders abandoned all their equipment near th...",-1
"I don't know from when this is. I saw it today. Ukranians wish russian deserters to ""go home alive"". Which is the best wish you can have in a war. Go to where's safe and alive to enjoy your family. A admirable people. Slava Ukraini. [i'm not even european]",1
Assistance for Indian foreign nationals in Ukraine at Romania's border,0
"A wartime plea to Western satellite companies: ‚ÄúWe need this data, please‚Äù",0
"Brazil's Bolsonaro refuses to sanction Russia, says Ukrainians ""trusted a comedian with the fate of a nation"" Fuck this guy",1
"We could really use paypal working in Ukraine right now. Please, spread the word",1
Some Russian forces reportedly abandoning their vehicles in Ukraine and leaving.,-1
Taiwan to block Russian banks from SWIFT,0
"Norway's Prime Minister Jonas Gahr Stoere announces that Norway will donate up to 2,000 M72 anti-tank weapons to Ukraine. This is, for the first time, that Norway is sending military aid to a conflict zone.",-1
Australia sends US$50M to Ukraine to buy weapons and ammo,-1
Civilians Murdered by Putin,-1
What happened to the Russian convoy that was supposedly 40m long? Where is it now? Is it still there? Hopefully they just start leaving so they don‚Äôt all get blown up and die early.,-1
"‚ö°Ô∏èVasilkov. ""Denazified"" hostel after the arrival of the ""Russian world""",0
that russian plane that was flying over poland earlier is now in slovakia. is that something to worry about?,-1
The first day of the war. Ukrainian soldiers are firing MANPADS at Russian helicopters.,-1
Putlers nuke threats fall on deaf ears,-1
Russians Shooting Ukrainians Filming,0
Two Russian oligarchs have broken ranks with Putin to demand he STOP his illegal war.,-1
"LIVE! Zelensky is speaking to the European Parliament, I'll add more info in comments",0
"eir, one of Irelands biggest Cable TV providers suspended all RT channels indefinitely. Seems like more and more providers are doing this now",0
"–•–µ—Ä—Å–æ–Ω, 01/03/22, —Ä–æ—Å—Å–∏–π—Å–∫–∏–µ –æ–∫–∫—É–ø–∞–Ω—Ç—ã –¥–æ–µ–±–∞–ª–∏—Å—å –¥–æ –≥—Ä–∞–∂–¥–∞–Ω—Å–∫–æ–≥–æ –∏ –∫—É–¥–∞-—Ç–æ –ø–æ–≤–µ–ª–∏",0
"70 jet fighters donated to Ukraine by Bulgaria, Poland and Slovakia",0
What will happen with Russian soldiers after all of this?,0
Russian Soldier was sent to Ukraine with zero information not even a map.,0
Russians stealing local vehicles ? Possibly due to loss of their own due to fuel/destruction. That yellow one is literally a taco truck lmao,-1
Namecheap (massive domain registrar) terminating all service in Russia over War in Ukraine,-1
Odessa does not give up! A military orchestra on the streets of the city lifts the fighting spirit of the citizens with music.,-1
"This is extremely odd. It taxied past all the gates and cargo areas, now stiing on the runway... Something is off here. This may be a defection...üôè",-1
The Brits Volunteering To Go To Ukraine and Fight The Russians,-1
‚ö†Ô∏èRussia foot patrol - Kherson (current) ‚ö†Ô∏è Source reads: A large number of Russian invaders walking the streets of #Kherson https://t.co/5hO4TPR67h,0
Cherhigiv,0
Rip Russian soldier,0
Russian soldiers are pointing guns at innocent people.,1
It seems that occupants are running from Berdyansk. Sity of heroes! Glory to Ukraine!,1
"Humane gesture: Airbnb will provide free accommodation for 100,000 refugees from Ukraine",1
Supposedly every name and rank of russian army.,0
Belarus army has crossed Ukraine border,0
More than 100% inflation.,0
Belarusian troops have entered Ukraine!,0
Which country is more democratic you tell me,0
Make Good Use Of Molotov Cocktail Ukraine Civilians - –¥–æ–±—Ä–µ –≤–∏–∫–æ—Ä–∏—Å—Ç–æ–≤—É–π...,1
Humanity over War.,-1
60 year old Soviet-afghan war vet can't stand by,-1
Evidence that Russia is relying on civilian radio. Twitter link in thread,0
Russian bank customers have 30 days to wind down assets under 'absurd' UK sanctions loophole,0
Snake Island sailors are alive!,1
Fucking Putin said he wouldn‚Äôt be attacking the civilian population of Ukraine. He‚Äôll burn in hell for this shit,-1
ODESSA - Amphibious landing stopped due to soldiers refusing to fight ?,-1
‚ÄúRegina Maria‚Äù hospitals network in Romania offer free medical care for Ukrainian refugees.There‚Äôs also a number they can call anytime for directions/assistence (in the pictures + english sub),1
Standing for what is right,0
"Sirens and combat heard on web streams, pray for kyiv !",0
Remain unconquerable. Slava Ukraini!,0
"This video that was shared just now breaks my heart. Kharkiv, typical European city center has been completely destroyed.",-1
Sanction Incomming..... UwU,0
AP News: Live updates: Australia commits $50M in support for Ukraine,1
"Should Netflix carry the Ukrainian TV series‚Äå Servant of the People, that starred the ‚ÄåCURRENT PRESIDENT OF UKRAINE‚Äå as a history teacher who became‚Äå president of Ukraine?",0
"Someone wrote ""down with putin"" on Russia's embassy in Tehran. Only took them few hours to cover it up. Source: radiofarda",0
Western Pro Putin companies/businesses,0
Call for Siberian independence on Twitter.,0
How to start a Russian armored personnel carrier?Useful instructions for...,0
Just got word that refugees from Ukraine will reach Sweden by boat this Thursday from Poland. Posting this again.,0
"Maersk, the world's largest container shipping line, to suspend deliveries to and from Russia.",-1
"Phone of terminated Russian Soldier... Messages are translated; ‚ÄúMom, I am in Ukraine. There is a real war there. I am so scared, we are attacking everything, even civilians.‚Äù A Russian soldier texting with his mother. Heartbreaking to read this.",-1
What will it take to save Kyiv?,1
Where to throw a Molotov cocktail,0
Von der Leyen about Ukraine,0
"We'll take this one too, thank you kindly",1
wow,1
Was the initial push a test?,0
"Vitali Klitschko (Mayor of Kyiv) addressing the citizens of Germany, Austria, Switzerland and all the other countries of Europe",0
Europe grows some balls,0
Cyberattack on NATO could trigger collective defence clause - official,0
European States Donating Soviet-Built MiG-29 Jets to Replenish Ukrainian Fleet: Can They Slow Russia Down?,0
Israel to send 100 tons of humanitarian aid to Ukraine,0
Ukraine soldiers captured Russian army near Kharkiv.,0
At least 6 injured as blast destroys government building in Kharkiv,-1
"Ukrainian lady seizes a fully loaded, deserted BM-21 'GRAD' MLRS from the RuAF",0
Absolutely the funniest thing for several days.,1
Polina and her 2 parents were shot dead by a Russian sabotage and reconnaissance group on a street in the north of the capital. Her 2 siblings remain in hospital.,-1
70 Ukrainian soldiers killed in artillery attack near Kharkiv,-1
"All of reddit's subreddits should sanction the mods of pro-putin subreddits and ban those mods. If you are reading this and mod a subreddit, ban them.",-1
Hopefully this is true ü§û,1
In the crater of a missile hit in Kharkiv main square,0
Russian clown defending the invasion of Ukraine on TV,0
"As tanks rolled into Ukraine, so did malware. Then Microsoft entered the war.",-1
Iranian British citizen volunteers to fight for Ukraine ‚ÄúI hate Putin‚Äù,-1
Ukraine's application for EU membership has been accepted! CONGRATS,1
Putin clearly isn't the genius he paints himself as,1
Private companies are stepping up!,0
"Ukraine, the world is with you!",0
Ukrainians are now just throwing Molotov cocktails out their car windows at Russian tanks.,0
Thought this was rather fitting,0
Why Sanctions May Be The West's Most Powerful Weapon Against Putin And His Oligarchs,0
Salute to Ukrainian Librarians.,0
Russian users can no longer pay for Netflix and Spotify subscriptions with their bank cards.,-1
Is Putin such a fucking psycho that he would suicide with nukes?,-1
"""Mama, I'm in Ukraine. There is a real war raging here. I'm afraid.""",-1
"""Russian world"" came to the Kharkiv's main square and government buildings this morning",0
Hungary supports bid for Ukraine to become EU member,1
"Shell to exit Russia after Ukraine invasion, joining BP",0
"Ambassador Kelin, ‚ÄúYou should be ashamed of yourself‚Äù.",-1
The Russian military is fed rotten food,-1
Ukraine's president is more than a lion who found his roar. He's a lion protecting his pride. Charisma attracts attention. Courage earns admiration. But commitment to a group inspires loyalty. We follow leaders who fight for us. We make sacrifices for leaders who serve us.,1
"People of Ukraine, please keep posting those pictures, as horrific as they are, it was those images from the Ukraine People which compelled me to donate as much as I could afford. I'm sure I'm not the only one.",0
Word,0
Finally,0
Stay strong over there. Love from Canada,1
Netflix Declines to Carry Russian Propaganda Channels,-1
"Surrendering and capture Russians, defect to Ukraine and fight for them.",-1
Putin showing signs of being angered at inner circle staff/officials,-1
Need help on joining Ukrainian Army,1
Turkey announces block on naval ships' passage to Black Sea!,-1
Hitting Putin where it hurts‚ÄîPutin stripped of black belt over Ukraine invasion,0
YouTube blocks Russian propaganda channels RT and Sputnik in Europe.,-1
Surrounded...,0
I saw someone from this town ask about an update. Looks like you got some good guys with you. God speed!,1
More photos from the signature procedure (of Ukraine's EU application),0
I will support any Ukranians who can make it to Canada via Langar ( Sikh communal kitchen) and can support 5 families in my home (it will be tight bit each family will have a room).. DM me,1
"üö®COINTELPRO Techniques for dilution, misdirection and control of a internet forum üö® What is happening now to this subbredit",0
As a little kid growing up in Ukraine I was always scared shitless of these basements‚Ä¶ Now thousands of people have to spend 24 hours a day in them‚Ä¶,-1
Putler really cares about their soldiers /s,1
Hungary and Romania joins other EU countries to urge Ukraine's acceptance to the EU as soon as possible.,1
Is there somewhere to sign up if you want to help refugees with housing in Poland?,1
Copenhagen mayor wants to chance the street name for the Russian embassy to Ukrainevej (Ukraine street),1
A video has appeared of how a company of the Russian Federation regiment surrendered to the Armed Forces of Ukraine near Kharkiv city today,0
"–ü–ª–µ–Ω–Ω—ã–µ —Ä–æ—Å—Å–∏—è–Ω–µ: –±—Ä–æ—Å–∏–ª–∏ –Ω–∞—Å, –ø–æ–¥ –Ω–∞–∑–≤–∞–Ω–∏–µ–º —É—á–µ–Ω–∏—è –≤—ã–≤–µ–ª–∏ –≤ –¥—Ä—É–≥—É—é —Å—Ç—Ä–∞–Ω—É –∏ –ø—Ä–æ—Å—Ç–æ –±—Ä–æ—Å–∏–ª–∏. –û—Å—Ç–∞–≤–∏–ª–∏, –Ω–∞—Ö—É–π, –ø–æ–¥ –æ–±—Å—Ç—Ä–µ–ª–æ–º, –ø—Ä–æ—Å—Ç–æ —É–µ—Ö–∞–ª–∏ –≤—Å–µ –ß–µ—Ä–Ω–∏–≥–æ–≤—Å–∫–∞—è –æ–±–ª.",0
Kharkiv local govrement building from the inside,0
"As a Polish American. Never forget, hold the line",0
When you need a new ride and capture one from the Russians,0
Created this foiled portrait of President Zelenskyy to show my support! Slava Ukraini! (Please feel free to share!),1
Two helicopters of the Russian Military were shot down near Kiev,0
Ukraine Pushes to Unplug Russia From the Internet,0
could help,1
Huge mural of ukrainian peace dove painted on house in Frankfurt/Germany,1
Standing ovation and defiance... Slava Ukraini!,0
How do I volunteer?,0
"Z eastern forces, [Z] - southern forces from Crimea, O forces from Belarus, V marines, X Chechens, A special forces. Russians helicopters are grey, ukranian are black or green.",1
"Putin Has ""Bad Options That Are Likely To Get Worse""",-1
Netflix said NO to Russian new rules!! üí™,-1
Russian Agent Detained in Kropyvnytsky,-1
ATTENTION: Some Russians flying Ukranian flags on their military equipment. Reminder that this action waives protections under Geneva Convention.,0
EU plans to grant Ukrainians right to stay for up to 3 years,1
"Ukrainians in the city of Moskals rush a Russian military SUV, which proceeds to run them over.",0
Netflix Declines to Carry Russian Propaganda Channels - Variety,-1
Chairman of the Russian Central bank Elvira Nabiullina and ex-minister of the economy Maxim Oreshkin on today‚Äôs economic conference with Putin,0
"President Zelenskiy, Day 5. With En Subs",0
Brave civilians throw Molotov cocktails into a Russian armored vehicle.,1
Ukrainian Telegrams posted a video depicting Putin as a Jihadi because he let's Chechen Jihadis fight for him who are known for their warcrimes,-1
"As the Rouble sinks, Russia teeters towards total economic collapse",-1
Online petition: Create humanitarian corridors in Ukraine,1
"Kiev, an ethnic Azerbaijani mother sending his son Ismael to the front. Every minority of Ukraine, even the Russians are ready to fight Putin",0
Russian Fuel Train destroyed by Tb-2 was probably in Crimea (source @SotisValkan),-1
"Russia fires heavy rockets at the civilian center of Kharkov. Here a projectile hits the regional government building. You can see ""live"" how many civilians are dying... #PutinImWar",0
Stockholm Sweden sending medical & hospital equipmemt to Ukraine!,0
Brave Ukrainian men are leaving the safety of a fellow European country called Ireland to travel back to their homelands to defend it. Some of the men have lived in Ireland for 20 plus years.,1
Ukrainian farmers hard at work again,0
"For me it is honestly very apparent that Ukraine will win in the long run. However, I'm wondering how much longer we think this will possibly go on for?",1
"üá∫üá¶ In the past hour Russian thugs have launched a missile at a civilian center in Kharkiv, Ukraine. —Å–ª–∞–≤–∞ —É–∫—Ä–∞—ó–Ω—ñ!",1
"Following the Russian invasion and sanctions to Russia's airspace, Georgia and Azerbaijan becomes the gateway between Asia and Europe",0
NSFL warning! Civilians in Kharkiv were coming back to their homes from the store. Russians killed them with their carpet bombings. We will never forget,-1
"Armenian citizens of Ukraine, preparing ‚ÄúKhorovats‚Äù and distributing bread free of charge for the residents and the units defending the cities of Kharkiv & Poltava.",1
"Serbian Pro-Regime Media Praise Russia ‚ÄòOverrunning‚Äô Ukraine: Serbian newspapers, which are usually pro-Putin, either reported enthusiastically about Moscow's troops ""reaching Kyiv in a day"" or called the Russian attack on Ukraine a ""response to NATO threats"".",1
G7: new sanctions coming for Russia,0
Kyiv Under full alert at the moment back to back sirens 9:18 AM,1
/russia is now quarantined,0
Idea box for helping those crossing the Ukrainian - Hungarian border with digital infrastructure,1
"‚ö°Ô∏èZelensky: A state that commits war crimes against civilians can't be a member of the UN Security Council. Such a state can't have access to all ports, canals, airports in the world.",-1
[NSFL] Elderly couple murdered in car. There is a special place in Hell for those responsible for this.,-1
"–ë–æ—Ä–æ–¥—è–Ω–∫–∞, –ö–∏–µ–≤—Å–∫–∞—è –æ–±–ª., –ø–æ–¥–±–∏—Ç–∞—è –ë–ú–ü",0
